Location,Pokemon,Time of Day,Encounter Method,Rarity,Additional Notes


Pallet Town,Pokémon,Time,Method,Rarity,Notes
,Charmander,Any,Gift,Guarantee,Choose one of them. Starter
,Bulbasaur,Any,Gift,Guarantee
,Squirtle,Any,Gift,Guarantee
,Tentacool,Any,Surfing,Common,
,Magikarp,Any,Fishing: Old Rod,Common,
,Horsea,Any,Fishing: Good Rod,Common,
,Krabby,Any,Fishing: Good Rod,Uncommon,
,Magikarp,Any,Fishing: Good Rod,Uncommon,
,Shellder,Any,Fishing: Super Rod,Uncommon,
,Horsea,Any,Fishing: Super Rod,Uncommon,
,Staryu,Any,Fishing: Super Rod,Uncommon,
,Krabby,Any,Fishing: Super Rod,Uncommon,
,Gyarados,Any,Fishing: Super Rod,Uncommon,
,Seadra,Any,Fishing: Super Rod,Rare,
,Kingler,Any,Fishing: Super Rod,Rare,
,Psyduck,Any,Fishing: Super Rod,Common,
,Slowpoke,Any,Fishing: Super Rod,Common,
,Hoothoot,Any,Headbutt,Common,
,Spinarak,Any,Headbutt,Common,
,Ledyba,Any,Headbutt,Common,
,Pineco,Any,Headbutt,Uncommon,
,Wurmple,Any,Headbutt,Rare,
,Shinx,Any,Headbutt,Rare,
,Plusle,Any,Headbutt,Very Rare,
,Minun,Any,Headbutt,Very Rare,
Route 1,Pokémon,Time,Method,Rarity,Notes
,Rattata,Any,Grass,Common,More common at night
,Pidgey,M/D/E,Grass,Common,
,Sentret,M/D/E,Grass,Uncommon,
,Furret,M/D/E,Grass,Rare,
,Hoothoot,N,Grass,Common,
,Hoothoot,Any,Headbutt,Common,
,Spinarak,Any,Headbutt,Common,
,Ledyba,Any,Headbutt,Common,
,Pineco,Any,Headbutt,Uncommon,
,Wurmple,Any,Headbutt,Rare,
,Shinx,Any,Headbutt,Rare,
,Plusle,Any,Headbutt,Very Rare,
,Minun,Any,Headbutt,Very Rare,
Viridian City,Pokémon,Time,Method,Rarity,Notes
,Slowpoke,Any,Surfing,Common,
,Psyduck,Any,Surfing,Common,
,Magikarp,Any,Fishing: Old Rod,Common,
,Poliwag,Any,Fishing: Good Rod,Common,
,Goldeen,Any,Fishing: Good Rod,Uncommon,
,Magikarp,Any,Fishing: Good Rod,Uncommon,
,Poliwag,Any,Fishing: Super Rod,Common,
,Poliwhirl,Any,Fishing: Super Rod,Common,
,Gyarados,Any,Fishing: Super Rod,Uncommon,
,Slowpoke,Any,Fishing: Super Rod,Common,
,Psyduck,Any,Fishing: Super Rod,Common,
,Hoothoot,Any,Headbutt,Common,
,Spinarak,Any,Headbutt,Common,
,Ledyba,Any,Headbutt,Common,
,Pineco,Any,Headbutt,Uncommon,
,Wurmple,Any,Headbutt,Rare,
Route 22,Pokémon,Time,Method,Rarity,Notes
,Rattata,Any,Grass,Common,
,Mankey,Any,Grass,Common,
,Spearow,Any,Grass,Uncommon,
,Slowpoke,Any,Surfing,Common,
,Psyduck,Any,Surfing,Common,
,Magikarp,Any,Fishing: Old Rod,Common,
,Poliwag,Any,Fishing: Good Rod,Common,
,Magikarp,Any,Fishing: Good Rod,Uncommon,
,Poliwag,Any,Fishing: Super Rod,Common,
,Poliwhirl,Any,Fishing: Super Rod,Common,
,Gyarados,Any,Fishing: Super Rod,Uncommon,
,Slowpoke,Any,Fishing: Super Rod,Common,
,Psyduck,Any,Fishing: Super Rod,Common,
,Hoothoot,Any,Headbutt,Common,
,Spinarak,Any,Headbutt,Common,
,Ledyba,Any,Headbutt,Common,
,Pineco,Any,Headbutt,Uncommon,
,Wurmple,Any,Headbutt,Rare,
,Whismur,Any,Headbutt,Rare,
,Bidoof,Any,Headbutt,Rare,
,Buizel,Any,Headbutt,Rare,
,Linoone,Any,Headbutt,Rare,
Route 2 South,Pokémon,Time,Method,Rarity,Notes
South of Viridian Forest,Caterpie,M/D/E,Grass,Common,
,Weedle,Any,Grass,Common,
,Rattata,Any,Grass,Common,
,Pidgey,M/D/E,Grass,Common,
,Ledyba,M/N,Grass,Uncommon,
,Spinarak,M/N,Grass,Uncommon,
,Ledian,M,Grass,Uncommon,
,Hoothoot,N,Grass,Common,
,Noctowl,N,Grass,Uncommon,
,Ariados,N,Grass,Uncommon,
,Hoothoot,Any,Headbutt,Common,
,Spinarak,Any,Headbutt,Common,
,Ledyba,Any,Headbutt,Common,
,Pineco,Any,Headbutt,Uncommon,
,Wurmple,Any,Headbutt,Rare,
,Shinx**,Any,Headbutt,Rare,
,Plusle,Any,Headbutt,Very Rare,
,Minun,Any,Headbutt,Very Rare,
Route 2 North,Pokémon,Time,Method,Rarity,Notes
North of Viridian Forest + area between Diglett’s cave and gate to southern part of route,Caterpie,M/D/E,Grass,Common,
Weedle,Any,Grass,Common,
Pidgey,M/D/E,Grass,Common,
Ledyba,M/D/E,Grass,Uncommon,
,Spinarak,M/N,Grass,Uncommon,
,Ledian,M,Grass,Uncommon,
,Hoothoot,N,Grass,Common,
,Noctowl,N,Grass,Uncommon,
,Ariados,N,Grass,Uncommon,
,Hoothoot,Any,Headbutt,Common,
,Spinarak,Any,Headbutt,Common,
,Ledyba,Any,Headbutt,Common,
,Pineco,Any,Headbutt,Uncommon,
,Wurmple,Any,Headbutt,Rare,
,Shinx**,Any,Headbutt,Rare,
,Plusle,Any,Headbutt,Very Rare,
,Minun,Any,Headbutt,Very Rare,
Route 2 East,Pokémon,Time,Method,Rarity,Notes
East of Diglett’s cave entrance and narrow path with lake,Caterpie,M/D/E,Grass,Common,
Weedle,Any,Grass,Common,
Pidgey,M/D/E,Grass,Common,
,Ledyba,M/D/E,Grass,Uncommon,
,Spinarak,M/N,Grass,Uncommon,
,Kakuna,Any,Grass,Uncommon,
,Pineco,Any,Grass,Uncommon,
,Ledian,M,Grass,Uncommon,
,Hoothoot,N,Grass,Common,
,Noctowl,N,Grass,Uncommon,
,Ariados,N,Grass,Uncommon,
,Slowpoke,Any,Surfing,Common,"Small lake on narrow forest path, south part of R. 2 East"
,Psyduck,Any,Surfing,Common
,Magikarp,Any,Fishing: Old Rod,Common,
,Magikarp,Any,Fishing: Good Rod,Common,
,Poliwag,Any,Fishing: Good Rod,Common,
,Poliwag,Any,Fishing: Super Rod,Common,
,Hoothoot,Any,Headbutt,Common,
,Spinarak,Any,Headbutt,Common,
,Ledyba,Any,Headbutt,Common,
,Pineco,Any,Headbutt,Uncommon,
,Wurmple,Any,Headbutt,Rare,
,Shinx**,Any,Headbutt,Rare,
,Plusle,Any,Headbutt,Very Rare,
,Minun,Any,Headbutt,Very Rare,
,Mr. Mime,Any,Trade,Guarantee,"Abra for Mr. Mime, in house at northeastern corner"
Viridian Forest,Pokémon,Time,Method,Rarity,Notes
,Caterpie,M/D/E,Grass,Common,
,Weedle,M/D/E,Grass,Common,
,Metapod,M/D/E,Grass,Uncommon,
,Kakuna,M/D/E,Grass,Uncommon,
,Pikachu,Any,Grass,Rare,
,Ledyba,Any,Grass,Uncommon,
,Spinarak,Any,Grass,Uncommon,
,Hoothoot,E/N,Grass,Common,
,Hoothoot,Any,Headbutt,Common,
,Noctowl,Any,Headbutt,Uncommon,
,Spinarak,Any,Headbutt,Common,
,Ariados,Any,Headbutt,Uncommon,
,Ledyba,Any,Headbutt,Common,
,Ledian,Any,Headbutt,Uncommon,
,Seedot,Any,Headbutt,Rare,
,Shroomish,Any,Headbutt,Rare,
,Spoink,Any,Headbutt,Rare,
,Numel,Any,Headbutt,Rare,
,Budew,Any,Headbutt,Rare,
,Carnivine,Any,Headbutt,Rare,
Pewter City,Pokémon,Time,Method,Rarity,Notes
,Hoothoot,Any,Headbutt,Common,
,Spinarak,Any,Headbutt,Common,
,Ledyba,Any,Headbutt,Uncommon,
,Pineco,Any,Headbutt,Uncommon,
,Wurmple,Any,Headbutt,Rare,
,Starly,Any,Headbutt,Rare,
,Plusle,Any,Headbutt,Rare,
,Minun,Any,Headbutt,Rare,
,Latios,Any,Quest,?,Bring Enigma Stone obtained from Ho-oh and Lugia at Navel Rock to NPC Steven in musuem.
,Latias,Any,?
,,,,,,,
,,,,,,,
,,,,,,,
,,,,,,,
Route 3,Pokémon,Time,Method,Rarity,Notes
,Spearow,M/D/E,Grass,Common,
,Ekans,Any,Grass,Common,
,Jigglypuff,Any,Grass,Rare,
,Pidgey,Any,Grass,Common,
,Mankey,Any,Grass,Common,
,Nidoran F,Any,Grass,Uncommon,
,Nidoran M,Any,Grass,Uncommon,
,Slowpoke,Any,Surfing,Common,
,Psyduck,Any,Surfing,Common,
,Magikarp,Any,Fishing: Old Rod,Common,
,Magikarp,Any,Fishing: Good Rod,Common,
,Poliwag,Any,Fishing: Good Rod,Common,
,Poliwag,Any,Fishing: Super Rod,Common,
,Hoothoot,Any,Headbutt,Common,
,Pineco,Any,Headbutt,Common,
,Wurmple,Any,Headbutt,Rare,
,Shinx,Any,Headbutt,Rare,
,Plusle,Any,Headbutt,Very Rare,
,Minun,Any,Headbutt,Very Rare,
,Baltoy,Any,Headbutt,Very Rare,
,Gulpin,Any,Headbutt,Very Rare,
,Magikarp,Any,Trade,Guarantee,$500 for Magikarp (Herman)
Mt. Moon (1F),Pokémon,Time,Method,Rarity,Notes
Entrance level,Zubat,Any,Cave,Common,
,Geodude,Any,Cave,Common,
,Paras,Any,Cave,Uncommon,
,Clefairy,Any,Cave,Uncommon,
,,,,,,,
,,,,,,,
,,,,,,,
,,,,,,,
,,,,,,,
,,,,,,,
,,,,,,,
Mt. Moon B1F,Pokémon,Time,Method,Rarity,Notes
,Zubat,Any,Cave,Common,
,Geodude,Any,Cave,Common,
,Paras,Any,Cave,Common,
,Clefairy,Any,Cave,Uncommon,
Mt. Moon B2F,Pokémon,Time,Method,Rarity,Notes
,Zubat,Any,Cave,Common,
,Geodude,Any,Cave,Common,
,Paras,Any,Cave,Common,
,Clefairy,Any,Cave,Uncommon,
,Kabuto,Any,Gift,Guarantee,Take Dome fossil
,Omanyte,Any,Gift,Guarantee,Take Helix fossil
,,,,,,,
,,,,,,,
,,,,,,,
,,,,,,,
,,,,,,,
,,,,,,,
,,,,,,,
,,,,,,,
Mt. Moon 2F,Pokémon,Time,Method,Rarity,Notes
Exits to Mt. Moon Square,Zubat,Any,Cave,Common,
,Geodude,Any,Cave,Common,
,Paras,Any,Cave,Uncommon,
,Clefairy,Any,Cave,Uncommon,
Mt. Moon Square,Pokémon,Time,Method,Rarity,Notes
,Magikarp,Any,Fishing: Old Rod,Common,
,Magikarp,Any,Fishing: Good Rod,Common,
,Poliwag,Any,Fishing: Good Rod,Common,
,Poliwag,Any,Fishing: Super Rod,Common,
Route 4,Pokémon,Time,Method,Rarity,Notes
,Ekans,Any,Grass,Common,
,Spearow,Any,Grass,Common,
,Rattata,Any,Grass,Common,
,Sandshrew,Any,Grass,Uncommon,
,Mankey,Any,Grass,Uncommon,
,Hoothoot,Any,Headbutt,Common,
,Pineco,Any,Headbutt,Uncommon,
,Whismur**,Any,Headbutt,?,
,Linoone,Any,Headbutt,?,
,Bidoof,Any,Headbutt,?,
,Buizel**,Any,Headbutt,?,
,Wurmple,Any,Headbutt,?,
Cerulean City,Pokémon,Time,Method,Rarity,Notes
,Tentacool,Any,Surfing,Common,
,Magikarp,Any,Fishing: Old Rod,Common,
,Magikarp,Any,Fishing: Good Rod,Common,
,Krabby,Any,Fishing: Good Rod,Common,
,Horsea,Any,Fishing: Good Rod,Common,
,Krabby,Any,Fishing: Super Rod,Common,
,Horsea,Any,Fishing: Super Rod,Common,
,Gyarados,Any,Fishing: Super Rod,Uncommon,
,Slowpoke,Any,Fishing: Super Rod,Common,
,Psyduck,Any,Fishing: Super Rod,Common,
,Hoothoot,Any,Headbutt,Common,
,Pineco,Any,Headbutt,Uncommon,
,Combee**,Any,Headbutt,?,
,Jynx,Any,Trade,Guarantee,Poliwhirl for Jynx
,,,,,,,
Route 24,Pokémon,Time,Method,Rarity,Notes
,Abra,Any,Grass,Uncommon,
,,,,,
,Venonat,N,Grass,Uncommon,
,Sunkern,D/E,Grass,Uncommon,
,Oddish,N,Grass,Common,
,Caterpie,Any,Grass,Common,
,Metapod,Any,Grass,Uncommon,
,Weedle,Any,Grass,Common,
,Kakuna,Any,Grass,Uncommon,
,Pidgey,Any,Grass,Common,
,Tentacool,Any,Surfing,Common,
,Magikarp,Any,Fishing: Old Rod,Common,
,Magikarp,Any,Fishing: Good Rod,Common,
,Krabby,Any,Fishing: Good Rod,Common,
,Horsea,Any,Fishing: Good Rod,Common,
,Krabby,Any,Fishing: Super Rod,Common,
,Horsea,Any,Fishing: Super Rod,Common,
,Gyarados,Any,Fishing: Super Rod,Uncommon,
,Slowpoke,Any,Fishing: Super Rod,Common,
,Psyduck,Any,Fishing: Super Rod,Common,
Route 25,Pokémon,Time,Method,Rarity,Notes
,Abra,Any,Grass,Rare,
,Pidgey,M/D/E,Grass,Common,
,Bellsprout,Any,Grass,Common,
,Venonat,Any,Grass,Common,
,Oddish,N,Grass,Common,
,Caterpie,Any,Grass,Common,
,Metapod,Any,Grass,Common,
,Weedle,Any,Grass,Common,
,Kakuna,Any,Grass,Uncommon,
,Noctowl,N,Grass,Uncommon,
,Tentacool,Any,Surfing,Common,
,Slowpoke,Any,Surfing,Common,
,Psyduck,Any,Surfing,Common,
,Magikarp,Any,Fishing: Old Rod,Common,
,Magikarp,Any,Fishing: Good Rod,Common,
,Poliwag,Any,Fishing: Good Rod,Common,
,Goldeen,Any,Fishing: Good Rod,Common,
,Slowpoke,Any,Fishing: Super Rod,Common,"Horsea and Krabby appear on radar as well, but could not be observed spawning."
,Gyarados,Any,Fishing: Super Rod,Uncommon
,Psyduck,Any,Fishing: Super Rod,Common
,Poliwag,Any,Fishing: Super Rod,Common
,Poliwhirl,Any,Fishing: Super Rod,Common
,Hoothoot,Any,Headbutt,Common,
,Whismur,Any,Headbutt,Rare,
,Linoone,Any,Headbutt,Rare,
,Slakoth,Any,Headbutt,Very Rare,
,Floatzel,Any,Headbutt,Very Rare,
,Combee,Any,Headbutt,Very Rare,
Route 5,Pokémon,Time,Method,Rarity,Notes
,Pidgey,M/D/E,Grass,Common,
,Bellsprout,Any,Grass,Common,
,Meowth,Any,Grass,Common,
,Oddish,N,Grass,Common,
,Hoothoot,N,Grass,Common,
,Noctowl,N,Grass,Uncommon,
,Mankey,Any,Grass,Common,
,Snubbull,M/D/E,Grass,Uncommon,
,Hoothoot,Any,Headbutt,Common,
,Pineco,Any,Headbutt,Uncommon,
,Shinx,Any,Headbutt,Very Rare,
,Combee,Any,Headbutt,Very Rare,
,Minun,Any,Headbutt,?,
,Plusle,Any,Headbutt,?,
Underground Tunnel (N-S),Pokémon,Time,Method,Rarity,Notes
,Nidoran M,Any,Trade,Guarantee,Nidoran F for Nidoran M
,,,,,,,
,,,,,,,
Route 6,Pokémon,Time,Method,Rarity,Notes
,Pidgey,M/D/E,Grass,Common,
,Bellsprout,Any,Grass,Common,
,Meowth,Any,Grass,Common,
,Oddish,N,Grass,Common,
,Drowzee,N,Grass,Uncommon,
,Snubbull,M/D/E,Grass,Uncommon,
,Granbull,M/D/E,Grass,Uncommon,
,Psyduck,Any,Surfing,Common,
,Slowpoke,Any,Surfing,Common,
,Magikarp,Any,Fishing: Old Rod,Common,
,Magikarp,Any,Fishing: Good Rod,Common,
,Slowpoke,Any,Fishing: Super Rod,Common,
,Gyarados,Any,Fishing: Super Rod,Uncommon,
,Krabby,Any,Fishing: Super Rod,Common,
,Psyduck,Any,Fishing: Super Rod,Common,
,Hoothoot,Any,Headbutt,Common,
,Linoone,Any,Headbutt,?,
,Combee,Any,Headbutt,?,
,Whismur,Any,Headbutt,?,
,Buizel,Any,Headbutt,?,
,Bidoof,Any,Headbutt,?,
Vermilion City,Pokémon,Time,Method,Rarity,Notes
,Tentacool,Any,Surfing,Common,
,Magikarp,Any,Fishing: Old Rod,Common,
,Tentacool,Any,Fishing: Old Rod,Common,
,Magikarp,Any,Fishing: Good Rod,Common,
,Krabby,Any,Fishing: Good Rod,Common,
,Horsea,Any,Fishing: Good Rod,Common,
,Shellder,Any,Fishing: Good Rod,Uncommon,
,Chinchou,Any,Fishing: Good Rod,Rare,
,Krabby,Any,Fishing: Super Rod,Common,
,Horsea,Any,Fishing: Super Rod,Common,
,Shellder,Any,Fishing: Super Rod,Uncommon,
,Chinchou,Any,Fishing: Super Rod,Uncommon,
,Lanturn,Any,Fishing: Super Rod,Rare,
,Gyarados,Any,Fishing: Super Rod,Rare,
,Farfetch’d,Any,Trade,Guarantee,Spearow for Farfetch’d
,Shuckle,Any,Rock Smash,Rare,
,Diglett,Any,Rock Smash,Common,
,Spearow,Any,Headbutt,Common,
,Heracross,Any,Headbutt,?,
,Combee,Any,Headbutt,?,
,,,,,,,
,,,,,,,
,,,,,,,
,,,,,,,
,,,,,,,
,,,,,,,
,,,,,,,
Vermilion Backroad,Pokémon,Time,Method,Rarity,Notes
,Rattata,Any,Grass,?,
,Raticate,Any,Grass,?,
,Spearow,Any,Grass,?,
Vermilion Roller Hockey,Pokémon,Time,Method,Rarity,Notes
,,,,,,,
,,,,,,,
,,,,,,,
,,,,,,,
,,,,,,,
,,,,,,,
,,,,,,,
,,,,,,,
,,,,,,,
,,,,,,,
,,,,,,,
,,,,,,,
SS Anne,Pokémon,Time,Method,Rarity,Notes
,,,,,,,
,,,,,,,
,,,,,,,
,,,,,,,
,,,,,,,
,,,,,,,
,,,,,,,
,,,,,,,
,,,,,,,
,,,,,,,
,,,,,,,
,,,,,,,
,,,,,,,
,,,,,,,
,,,,,,,
,,,,,,,
,,,,,,,
,,,,,,,
Route 11,Pokémon,Time,Method,Rarity,Notes
,Drowzee,Any,Grass,Common,
,Rattata,Any,Grass,Common,
,Spearow,Any,Grass,Common,
,Ekans,Any,Grass,Common,
,Sandshrew,Any,Grass,Uncommon,
,Raticate,Any,Grass,Uncommon,
,Hoppip,M/D/E,Grass,Uncommon,
,Noctowl,N,Grass,Uncommon,
,Spearow,Any,Headbutt,Common,
,Heracross,Any,Headbutt,Very Rare,
,Shinx,Any,Headbutt,?,Morning confirmed
Diglett’s Cave,Pokémon,Time,Method,Rarity,Notes
,Diglett,Any,Cave,Common,
,Dugtrio,Any,Cave,Uncommon,
,,,,,,,
,,,,,,,
,,,,,,,
Route 9,Pokémon,Time,Method,Rarity,Notes
,Rattata,Any,Grass,Common,
,Spearow,M/D/E,Grass,Common,
,Mankey,Any,Grass,Common,
,Ekans,Any,Grass,Common,
,Sandshrew,Any,Grass,Uncommon,
,Nidoran F,Any,Grass,Common,
,Nidoran M,Any,Grass,Common,
,Nidorino,Any,Grass,Uncommon,
,Nidorina,Any,Grass,Uncommon,
,Tentacool,Any,Surfing,Common,
,Magikarp,Any,Fishing: Old Rod,Common,
,Magikarp,Any,Fishing: Good Rod,Common,
,Krabby,Any,Fishing: Good Rod,Common,
,Horsea,Any,Fishing: Good Rod,Common,
,Krabby,Any,Fishing: Super Rod,Common,
,Gyarados,Any,Fishing: Super Rod,Uncommon,
,Horsea,Any,Fishing: Super Rod,Common,
,Psyduck,Any,Fishing: Super Rod,Common,
,Slowpoke,Any,Fishing: Super Rod,Common,
,,,,,,,
,,,,,,,
,,,,,,,
Route 10,Pokémon,Time,Method,Rarity,Notes
,Rattata,Any,Grass,Common,
,Spearow,M/D/E,Grass,Common,
,Mankey,Any,Grass,Common,
,Ekans,Any,Grass,Common,
,Sandshrew,Any,Grass,Uncommon,
,Nidoran F,Any,Grass,Common,
,Nidoran M,Any,Grass,Common,
,Nidorina,Any,Grass,Uncommon,
,Nidorino,Any,Grass,Uncommon,
,Voltorb,Any,Grass,Uncommon,
,Tentacool,Any,Surfing,Common,
,Magikarp,Any,Fishing: Old Rod,Common,
,Magikarp,Any,Fishing: Good Rod,Common,
,Krabby,Any,Fishing: Good Rod,Common,
,Horsea,Any,Fishing: Good Rod,Common,
,Krabby,Any,Fishing: Super Rod,Common,
,Gyarados,Any,Fishing: Super Rod,Uncommon,
,Horsea,Any,Fishing: Super Rod,Common,
,Psyduck,Any,Fishing: Super Rod,Common,
,Slowpoke,Any,Fishing: Super Rod,Common,
Power Plant,Pokémon,Time,Method,Rarity,Notes
Surf south from Route 9,Magnemite,Any,Floor,Common,
,Magneton,Any,Floor,Uncommon,
,Pikachu,Any,Floor,Uncommon,Best Pikachu spawn.
,Voltorb,Any,Floor,Common,
,Electabuzz,Any,Floor,Rare,
,Zapdos,Any,Unique,Guarantee,Level 50. Talk to Janitor Jimbo.
""
""
,,,,,,,
,,,,,,,
,,,,,,,
,,,,,,,
Rock Tunnel,Pokémon,Time,Method,Rarity,Notes
,Onix,Any,Cave,Common,
,Geodude,Any,Cave,Common,
,Zubat,Any,Cave,Common,
,Mankey,Any,Cave,Common,
,Machop,Any,Cave,Uncommon,
,Geodude,Any,Rock Smash,?,
,Graveler,Any,Rock Smash,?,
,Chingling,Any,Rock Smash,?,
,Bronzor,Any,Rock Smash,?,
,Absol,Any,Rock Smash,?,
,Makuhita,Any,Rock Smash,?,
Lavender Town,Pokémon,Time,Method,Rarity,Notes
,,,,,,,
,,,,,,,
Pokémon Tower,Pokémon,Time,Method,Rarity,Notes
,Gastly,Any,Floor,Common,
,Haunter,Any,Floor,Uncommon,
,,,,,,,
,,,,,,,
,,,,,,,
,,,,,,,
,,,,,,,
,,,,,,,
,,,,,,,
,,,,,,,
,,,,,,,
,,,,,,,
,,,,,,,
,,,,,,,
,,,,,,,
,,,,,,,
Route 8,Pokémon,Time,Method,Rarity,Notes
,Meowth,Any,Grass,Common,
,Growlithe,Any,Grass,Uncommon,
,Vulpix,Any,Grass,Uncommon,
,Noctowl,N,Grass,Uncommon,
,Pidgey,Any,Grass,Common,
,Sandshrew,Any,Grass,Uncommon,
,Ekans,Any,Grass,Common,
,Snubbull,Any,Grass,Uncommon,
,Hoothoot,Any,Headbutt,Common,
,Pineco,Any,Headbutt,Uncommon,
,Minun,Any,Headbutt,?,
,Shinx,Any,Headbutt,?,
,Combee,Any,Headbutt,?,
Underground Path (W-E),Pokémon,Time,Method,Rarity,Notes
,,,,,,,
,,,,,,,
,,,,,,,
,,,,,,,
,,,,,,,
Route 7,Pokémon,Time,Method,Rarity,Notes
,Growlithe,Any,Grass,Uncommon,
,Vulpix,Any,Grass,Uncommon,
,Oddish,Any,Grass,Common,
,Bellsprout,Any,Grass,Common,
,Pidgey,Any,Grass,Common,
,Meowth,Any,Grass,Common,
,Houndour,N,Grass,Rare,
,Murkrow,N,Grass,Rare,
,Snubbull,M/D/E,Grass,Uncommon,
,Spearow,Any,Headbutt,Common,
,Heracross,Any,Headbutt,?,
,Combee,Any,Headbutt,Very Rare,
,Shinx,Any,Headbutt,Very Rare,
Celadon City,Pokémon,Time,Method,Rarity,Notes
"For Game Corner basement (Rocket Hideout), cf. below",Psyduck,Any,Surfing,Common,
Slowpoke,Any,Surfing,Common,
Koffing,Any,Surfing,Uncommon,
,Magikarp,Any,Fishing: Old Rod,Common,
,Magikarp,Any,Fishing: Good Rod,Common,
,Magikarp,Any,Fishing: Super Rod,Common,
,Grimer,Any,Fishing: Super Rod,Uncommon,
,Eevee,Any,Gift,Guarantee,Condominiums Back Door
,Spearow,Any,Headbutt,Common,
,Heracross,Any,Headbutt,Very Rare,
,Abra,Any,Trade,Guarantee,Game Corner (180 coins)
,Clefairy,Any,Trade,Guarantee,Game Corner (500 coins)
,Dratini,Any,Trade,Guarantee,Game Corner (2’800 coins)
,Pinsir,Any,Trade,Guarantee,Game Corner (5’000 coins)
,Scyther,Any,Trade,Guarantee,Game Corner (5’500 coins)
,Porygon,Any,Trade,Guarantee,Game Corner (9’999 coins)
,,,,,,,
,,,,,,,
,,,,,,,
,,,,,,,
,,,,,,,
,,,,,,,
,,,,,,,
,,,,,,,
,,,,,,,
,,,,,,,
,,,,,,,
,,,,,,,
,,,,,,,
,,,,,,,
,,,,,,,
,,,,,,,
,,,,,,,
,,,,,,,
,,,,,,,
,,,,,,,
,,,,,,,
,,,,,,,
,,,,,,,
,,,,,,,
,,,,,,,
,,,,,,,
,,,,,,,
,,,,,,,
,,,,,,,
,,,,,,,
,,,,,,,
,,,,,,,
,,,,,,,
,,,,,,,
,,,,,,,
,,,,,,,
,,,,,,,
,,,,,,,
,,,,,,,
,,,,,,,
,,,,,,,
,,,,,,,
,,,,,,,
,,,,,,,
,,,,,,,
,,,,,,,
,,,,,,,
,,,,,,,
,,,,,,,
,,,,,,,
,,,,,,,
Celadon Rocket Hideout,Pokémon,Time,Method,Rarity,Notes
,,,,,,,
,,,,,,,
,,,,,,,
,,,,,,,
,,,,,,,
,,,,,,,
,,,,,,,
,,,,,,,
,,,,,,,
,,,,,,,
,,,,,,,
,,,,,,,
,,,,,,,
,,,,,,,
,,,,,,,
,,,,,,,
,,,,,,,
,,,,,,,
,,,,,,,
,,,,,,,
,,,,,,,
,,,,,,,
,,,,,,,
Saffron City,Pokémon,Time,Method,Rarity,Notes
For Silph Co. cf. below,Hitmonlee,Any,Gift,Guarantee,Choose one
,Hitmonchan,Any,Gift,Guarantee
,,,,,,,
,,,,,,,
,,,,,,,
,,,,,,,
,,,,,,,
Silph Co.,Pokémon,Time,Method,Rarity,Notes
"Tip: When first entering the building, take the elevator to 5F, and get the Card Key at bottom left of the floor to immediately get access to all doors."

,,,,,,,
,,,,,,,
,,,,,,,
,,,,,,,
,,,,,,,
,,,,,,,
,,,,,,,
,,,,,,,
,,,,,,,
,,,,,,,
,,,,,,,
,,,,,,,
,,,,,,,
,,,,,,,
,,,,,,,
,,,,,,,
Route 12,Pokémon,Time,Method,Rarity,Notes
,Pidgey,Any,Grass,Common,
,Bellsprout,Any,Grass,Common,
,Weepinbell,Any,Grass,Uncommon,
,Oddish,Any,Grass,Common,
,Gloom,Any,Grass,Uncommon,
,Venonat,N,Grass,Common,
,Slowpoke,Any,Surfing,Common,
,Tentacool,Any,Surfing,Common,
,Quagsire,Any,Surfing,Uncommon,
,Magikarp,Any,Fishing: Old Rod,Common,
,Krabby,Any,Fishing: Old Rod,Uncommon,
,Magikarp,Any,Fishing: Good Rod,Common,
,Krabby,Any,Fishing: Good Rod,Common,
,Horsea,Any,Fishing: Good Rod,Common,
,Krabby,Any,Fishing: Super Rod,Common,
,Gyarados,Any,Fishing: Super Rod,Uncommon,
,Horsea,Any,Fishing: Super Rod,Common,
,Psyduck,Any,Fishing: Super Rod,Common,
,Slowpoke,Any,Fishing: Super Rod,Common,
,Hoothoot,Any,Headbutt,Common,
,Spinarak,E/N,Headbutt,Common,
,Ledyba,Any,Headbutt,Common,
,Tangela,Any,Headbutt,?,
,Wurmple,Any,Headbutt,?,Day confirmed
,Nidorino,Any,Trade,Guarantee,Nidorina for Nidorino
,Snorlax,Any,Unique,One Chance,Level 35
Route 13,Pokémon,Time,Method,Rarity,Notes
,Nidorina,Any,Grass,Uncommon,
,Nidorino,Any,Grass,Uncommon,
,Hoppip,M/D/E,Grass,Uncommon,
,Noctowl,N,Grass,Uncommon,
,Oddish,Any,Grass,Common,
,Pidgey,Any,Grass,Common,
,Pidgeotto,M/D/E,Grass,Uncommon,
,Bellsprout,Any,Grass,Common,
,Weepinbell,Any,Grass,Uncommon,
,Ditto,Any,Grass,Rare,
,Gloom,Any,Grass,Uncommon,
,Venonat,Any,Grass,Common,
,Slowpoke,Any,Surfing,Common,
,Tentacool,Any,Surfing,Common,
,Quagsire,Any,Surfing,Uncommon,
,Magikarp,Any,Fishing: Old Rod,Common,
,Krabby,Any,Fishing: Old Rod,Uncommon,
,Magikarp,Any,Fishing: Good Rod,Common,
,Krabby,Any,Fishing: Good Rod,Common,
,Horsea,Any,Fishing: Good Rod,Common,
,Krabby,Any,Fishing: Super Rod,Common,
,Gyarados,Any,Fishing: Super Rod,Uncommon,
,Horsea,Any,Fishing: Super Rod,Common,
,Psyduck,Any,Fishing: Super Rod,Common,
,Slowpoke,Any,Fishing: Super Rod,Common,
,Hoothoot,Any,Headbutt,Common,
,Ledyba,Any,Headbutt,Common,
,Spinarak,Any,Headbutt,?,
,Whismur,?,Headbutt,?,Night confirmed
,Linoone,?,Headbutt,?,Evening confirmed
,Buizel,?,Headbutt,?,
,Wurmple,?,Headbutt,?,Day confirmed
,Tangela,?,Headbutt,?,Day confirmed
Route 14,Pokémon,Time,Method,Rarity,Notes
,Nidorina,Any,Grass,Uncommon,
,Nidorino,Any,Grass,Uncommon,
,Pidgeotto,M/D/E,Grass,Uncommon,
,Hoppip,M/D/E,Grass,Uncommon,
,Skiploom,M/D/E,Grass,Uncommon,
,Noctowl,N,Grass,Uncommon,
,Quagsire,N,Grass,Uncommon,
,Oddish,Any,Grass,Common,
,Gloom,Any,Grass,Uncommon,
,Bellsprout,Any,Grass,Common,
,Weepinbell,Any,Grass,Uncommon,
,Venonat,Any,Grass,Common,
,Venomoth,Any,Grass,Uncommon,
,Pidgey,Any,Grass,Common,
,Hoothoot,Any,Headbutt,Common,
,Ledyba,Any,Headbutt,Common,
,Spinarak,Any,Headbutt,?,
,Shinx,Any,Headbutt,?,
Route 15,Pokémon,Time,Method,Rarity,Notes
,Nidorina,Any,Grass,Uncommon,
,Nidorino,Any,Grass,Uncommon,
,Pidgeotto,M/D/E,Grass,Uncommon,
,Hoppip,M/D/E,Grass,Common,
,Noctowl,N,Grass,Uncommon,
,Quagsire,N,Grass,Uncommon,
,Pidgey,Any,Grass,Common,
,Oddish,Any,Grass,Common,
,Gloom,Any,Grass,Uncommon,
,Bellsprout,Any,Grass,Common,
,Weepinbell,Any,Grass,Uncommon,
,Ditto,Any,Grass,Rare,
,Venonat,Any,Grass,Common,
,Hoothoot,Any,Headbutt,?,
,Ledyba,Any,Headbutt,Common,
,Tangela,Any,Headbutt,Common,
,Spinarak,Any,Headbutt,?,
,Minun,Any,Headbutt,?,
,Shinx,Any,Headbutt,?,
Route 16,Pokémon,Time,Method,Rarity,Notes
,Slugma,Any,Grass,Rare,
,Murkow,N,Grass,Rare,
,Doduo,Any,Grass,Common,
,Spearow,Any,Grass,Common,
,Rattata,Any,Grass,Common,
,Raticate,Any,Grass,Uncommon,
,Spearow,Any,Headbutt,Common,
,Combee,Any,Headbutt,Uncommon,
,Heracross,Any,Headbutt,Very Rare,
,Plusle,Any,Headbutt,?,Morning confirmed
,Minun,Any,Headbutt,?,
,Shinx,Any,Headbutt,?,
,Snorlax,Any,Unique,One Chance,Level 35
Route 17,Pokémon,Time,Method,Rarity,Notes
,Slugma,Any,Grass,Rare,
,Doduo,Any,Grass,Common,
,Spearow,Any,Grass,Common,
,Fearow,Any,Grass,Uncommon,
,Rattata,Any,Grass,Common,
,Raticate,Any,Grass,Uncommon,
,,,,,,,
,,,,,,,
,,,,,,,
Route 18,Pokémon,Time,Method,Rarity,Notes
,Slugma,Any,Grass,Rare,
,Grimer,M/D/E,Grass,Common,
,Fearow,M/D/E,Grass,Uncommon,
,Muk,Any,Grass,Uncommon,
,Rattata,Any,Grass,Common,
,Raticate,Any,Grass,Common,
,Doduo,Any,Grass,Common,
,Spearow,Any,Grass,Common,
,Murkrow,N,Grass,Rare,
,Hoothoot,Any,Headbutt,Common,
,Ledyba,Any,Headbutt,?,Day confirmed
,Spinarak,Any,Headbutt,?,
,Tangela,Any,Headbutt,?,
,Shinx,Any,Headbutt,?,
,Lickitung,Any,Trade,Guarantee,Golduck for Lickitung – Gate
Fuchsia City,Pokémon,Time,Method,Rarity,Notes
,Magikarp,Any,Surfing,Common,
,Slowpoke,Any,Surfing,Common,
,Psyduck,Any,Surfing,Common,
,Goldeen,Any,Surfing,Common,
,Magikarp,Any,Fishing: Old Rod,Common,
,Magikarp,Any,Fishing: Good Rod,Common,
,Gyarados,Any,Fishing: Good Rod,Common,
,Poliwag,Any,Fishing: Good Rod,Common,
,Magikarp,Any,Fishing: Super Rod,Common,
,Gyarados,Any,Fishing: Super Rod,Common,
,Seaking,Any,Fishing: Super Rod,Uncommon,
,Psyduck,Any,Fishing: Super Rod,Common,
,Slowpoke,Any,Fishing: Super Rod,Common,
,Hoothoot,Any,Headbutt,Common,
,Spinarak,Any,Headbutt,Common,
,Ledyba,Any,Headbutt,Common,
,Plusle**,Any,Headbutt,Rare,
Kanto Safari Zone(Area near entrance),Pokémon,Time,Method,Rarity,Notes
,Nidorina,Any,Grass,Common,
,Nidorino,Any,Grass,Common,
,Parasect,Any,Grass,Uncommon,
,Venonat,Any,Grass,Common,
,Exeggcute,Any,Grass,Common,
,Rhyhorn,Any,Grass,Common,
,Chansey,Any,Grass,Rare,More common during night
,Scyther,Any,Grass,Rare,
,Pinsir,Any,Grass,Rare,
,Slowpoke,Any,Surfing,Common,
,Psyduck,Any,Surfing,Common,
,Magikarp,Any,Fishing: Old Rod,Common,
,Magikarp,Any,Fishing: Good Rod,Common,
,Poliwag,Any,Fishing: Good Rod,Common,
,Goldeen,Any,Fishing: Good Rod,Common,
,Goldeen,Any,Fishing: Super Rod,Common,
,Seaking,Any,Fishing: Super Rod,Uncommon,
,Slowpoke,Any,Fishing: Super Rod,Common,
,Psyduck,Any,Fishing: Super Rod,Common,
,Dratini,Any,Fishing: Super Rod,Uncommon,
,Dragonair,Any,Fishing: Super Rod,Rare,
Kanto Safari Zone – East,Pokémon,Time,Method,Rarity,Notes
,Nidorina,Any,Grass,Common,
,Nidorino,Any,Grass,Common,
,Paras,Any,Grass,Common,
,Parasect,Any,Grass,Uncommon,
,Doduo,Any,Grass,Common,
,Exeggcute,Any,Grass,Common,
,Kangaskhan,Any,Grass,Rare,
,Scyther,Any,Grass,Rare,
,Pinsir,Any,Grass,Rare,
,Slowpoke,Any,Surfing,Common,
,Psyduck,Any,Surfing,Common,
,Magikarp,Any,Fishing: Old Rod,Common,
,Magikarp,Any,Fishing: Good Rod,Common,
,Goldeen,Any,Fishing: Good Rod,Common,
,Krabby,Any,Fishing: Super Rod,Common,
,Seaking,Any,Fishing: Super Rod,Uncommon,
,Slowpoke,Any,Fishing: Super Rod,Common,
,Psyduck,Any,Fishing: Super Rod,Common,
,Dratini,Any,Fishing: Super Rod,Uncommon,
,Dragonair,Any,Fishing: Super Rod,Rare,
Kanto Safari Zone – North,Pokémon,Time,Method,Rarity,Notes
,Nidorina,Any,Grass,Common,
,Nidorino,Any,Grass,Common,
,Venomoth,Any,Grass,Uncommon,
,Exeggcute,Any,Grass,Common,
,Rhyhorn,Any,Grass,Common,
,Chansey,Any,Grass,Rare,More common during night
,Paras,Any,Grass,Common,
,Tauros,Any,Grass,Rare,
,Sableye,N,Grass,Very Rare,
,Slowpoke,Any,Surfing,Common,
,Psyduck,Any,Surfing,Common,
,Magikarp,Any,Fishing: Old Rod,Common,
,Magikarp,Any,Fishing: Good Rod,Common,
,Poliwag,Any,Fishing: Good Rod,Common,
,Goldeen,Any,Fishing: Good Rod,Common,
,Goldeen,Any,Fishing: Super Rod,Common,
,Seaking,Any,Fishing: Super Rod,Uncommon,
,Slowpoke,Any,Fishing: Super Rod,Common,
,Psyduck,Any,Fishing: Super Rod,Common,
,Dratini,Any,Fishing: Super Rod,Uncommon,
,Dragonair,Any,Fishing: Super Rod,Rare,
Kanto Safari Zone – West,Pokémon,Time,Method,Rarity,Notes
,Nidorina,Any,Grass,Common,
,Nidorino,Any,Grass,Common,
,Venonat,Any,Grass,Common,
,Exeggcute,Any,Grass,Common,
,Venomoth,Any,Grass,Uncommon,
,Doduo,Any,Grass,Common,
,Kangaskhan,Any,Grass,Rare,
,Tauros,Any,Grass,Rare,
,Rhyhorn,Any,Grass,Common,
,Chansey,Any,Grass,Rare,More common during night
,Paras,Any,Grass,Common,
,Sableye,N,Grass,Very Rare,
,Slowpoke,Any,Surfing,Common,
,Psyduck,Any,Surfing,Common,
,Magikarp,Any,Fishing: Old Rod,Common,
,Magikarp,Any,Fishing: Good Rod,Common,
,Poliwag,Any,Fishing: Good Rod,Common,
,Goldeen,Any,Fishing: Good Rod,Common,
,Goldeen,Any,Fishing: Super Rod,Common,
,Seaking,Any,Fishing: Super Rod,Uncommon,
,Slowpoke,Any,Fishing: Super Rod,Common,
,Psyduck,Any,Fishing: Super Rod,Common,
,Dratini,Any,Fishing: Super Rod,Uncommon,
,Dragonair,Any,Fishing: Super Rod,Rare,
Route 19,Pokémon,Time,Method,Rarity,Notes
,Tentacool,Any,Surfing,Common,
,Magikarp,Any,Fishing: Old Rod,Common,
,Krabby,Any,Fishing: Old Rod,Common,
,Magikarp,Any,Fishing: Good Rod,Common,
,Krabby,Any,Fishing: Good Rod,Common,
,Horsea,Any,Fishing: Good Rod,Common,
,Krabby,Any,Fishing: Super Rod,Common,
,Kingler,Any,Fishing: Super Rod,Uncommon,
,Horsea,Any,Fishing: Super Rod,Common,
,Seadra,Any,Fishing: Super Rod,Uncommon,
,Gyarados,Any,Fishing: Super Rod,Rare,
,Slowpoke,Any,Fishing: Super Rod,Common,
,Psyduck,Any,Fishing: Super Rod,Common,
,Corsola,M/D/E,Fishing: Super Rod,Rare,
,Staryu,N,Fishing: Super Rod,Rare,
,Krabby,Any,Rock Smash,Common,
,Kingler,Any,Rock Smash,?,
,Clamperl,Any,,Rock Smash,,?,
Route 20,Pokémon,Time,Method,Rarity,Notes
,Tentacool,Any,Surfing,Common,
,Magikarp,Any,Fishing: Old Rod,Common,
,Magikarp,Any,Fishing: Good Rod,Common,
,Krabby,Any,Fishing: Good Rod,Common,
,Chinchou,Any,Fishing: Good Rod,Uncommon,
,Krabby,Any,Fishing: Super Rod,Common,
,Kingler,Any,Fishing: Super Rod,Uncommon,
,Chinchou,Any,Fishing: Super Rod,Uncommon,
,Lanturn,Any,Fishing: Super Rod,Rare,
,Psyduck,Any,Fishing: Super Rod,Common,
,Horsea,Any,Fishing: Super Rod,Common,
,Seadra,Any,Fishing: Super Rod,Uncommon,
,Gyarados,Any,Fishing: Super Rod,Uncommon,
Seafoam Island 1F(Entrance/Exit),Pokémon,Time,Method,Rarity,Notes
,Zubat,Any,Cave,Common,
,Golbat,Any,Cave,Uncommon,
,Psyduck,Any,Cave,Common,
,Slowpoke,Any,Cave,Common,
Seafoam Island B1F,Pokémon,Time,Method,Rarity,Notes
,Seel,Any,Cave,Common,
,Slowpoke,Any,Cave,Common,
,Psyduck,Any,Cave,Common,
,Zubat,Any,Cave,Common,
,Golbat,Any,Cave,Uncommon,
,Golduck,Any,Cave,Uncommon,
,Slowbro,Any,Cave,Uncommon,
Seafoam Island B2F,Pokémon,Time,Method,Rarity,Notes
,Seel,Any,Cave,Common,
,Slowpoke,Any,Cave,Common,
,Psyduck,Any,Cave,Common,
,Zubat,Any,Cave,Common,
,Golbat,Any,Cave,Uncommon,
,Golduck,Any,Cave,Uncommon,
,Slowbro,Any,Cave,Uncommon,
Seafoam Island B3F,Pokémon,Time,Method,Rarity,Notes
,Seel,Any,Cave,Common,
,Slowpoke,Any,Cave,Common,
,Psyduck,Any,Cave,Common,
,Zubat,Any,Cave,Common,
,Golbat,Any,Cave,Uncommon,
,Golduck,Any,Cave,Uncommon,
,Slowbro,Any,Cave,Uncommon,
,Dewgong,Any,Cave,Uncommon,
Seafoam Island B4F,Pokémon,Time,Method,Rarity,Notes
,Seel,Any,Cave,Common,
,Slowpoke,Any,Cave,Common,
,Psyduck,Any,Cave,Common,
,Zubat,Any,Cave,Common,
,Golbat,Any,Cave,Uncommon,
,Golduck,Any,Cave,Uncommon,
,Slowbro,Any,Cave,Uncommon,
,Dewgong,Any,Cave,Uncommon,
,Horsea,Any,Surfing,Common,
,Krabby,Any,Surfing,Common,
,Magikarp,Any,Fishing: Old Rod,Common,
,Krabby,Any,Fishing: Old Rod,Uncommon,
,Magikarp,Any,Fishing: Good Rod,Common,
,Horsea,Any,Fishing: Good Rod,Common,
,Psyduck,Any,Fishing: Good Rod,Common,
,Krabby,Any,Fishing: Super Rod,Common,
,Seadra,Any,Fishing: Super Rod,Common,
,Slowpoke,Any,Fishing: Super Rod,Uncommon,
,Gyarados,Any,Fishing: Super Rod,Uncommon,
,Articuno,Any,Unique,One Chance,"Level 50, after Elite Four"
Cinnabar Island,Pokémon,Time,Method,Rarity,Notes
,Tangela,Any,Trade,Guarantee,Lab – Venonat for Tangela
,Seel,Any,Trade,Guarantee,Lab – Ponyta for Seel
,Electrode,Any,Trade,Guarantee,Lab – Raichu for Electrode
,Tentacool,Any,Surfing,Common,
,Magikarp,Any,Fishing: Old Rod,Common,
,Magikarp,Any,Fishing: Good Rod,Common,
,Horsea,Any,Fishing: Good Rod,Common,
,Goldeen,Any,Fishing: Good Rod,Common,
,Krabby,Any,Fishing: Super Rod,Common,
,Chinchou,Any,Fishing: Super Rod,Uncommon,
,Lanturn,Any,Fishing: Super Rod,Rare,
,Horsea,Any,Fishing: Super Rod,Common,
,Seadra,Any,Fishing: Super Rod,Uncommon,
,Goldeen,Any,Fishing: Super Rod,Common,
,Psyduck,Any,Fishing: Super Rod,Common,
,Slowpoke,Any,Fishing: Super Rod,Common,
,Gyarados,Any,Fishing: Super Rod,Uncommon,
Cinnabar Volcano,Pokémon,Time,Method,Rarity,Notes
,Zubat,Any,Cave,Common,
,Golbat,Any,Cave,Uncommon,
,Psyduck,Any,Cave,Uncommon,
,Slugma,Any,Cave,Rare,
Pokémon Mansion 1F,Pokémon,Time,Method,Rarity,Notes
,Rattata,Any,Floor,Common,
,Raticate,Any,Floor,Common,
,Koffing,Any,Floor,Common,
,Weezing,Any,Floor,Uncommon,
,Grimer,Any,Floor,Common,
,Muk,Any,Floor,Uncommon,
,Growlithe,Any,Floor,Uncommon,
,Vulpix,Any,Floor,Uncommon,
Pokémon Mansion 2F,Pokémon,Time,Method,Rarity,Notes
,Rattata,Any,Floor,Common,
,Raticate,Any,Floor,Common,
,Koffing,Any,Floor,Common,
,Weezing,Any,Floor,Uncommon,
,Grimer,Any,Floor,Common,
,Muk,Any,Floor,Uncommon,
,Growlithe,Any,Floor,Uncommon,
,Vulpix,Any,Floor,Uncommon,
Pokémon Mansion 3F,Pokémon,Time,Method,Rarity,Notes
,Rattata,Any,Floor,Common,
,Raticate,Any,Floor,Common,
,Koffing,Any,Floor,Common,
,Weezing,Any,Floor,Uncommon,
,Grimer,Any,Floor,Common,
,Muk,Any,Floor,Uncommon,
,Growlithe,Any,Floor,Uncommon,
,Vulpix,Any,Floor,Uncommon,
,Magmar,Any,Floor,Rare,
Pokémon Mansion B1F,Pokémon,Time,Method,Rarity,Notes
,Rattata,Any,Floor,Common,
,Raticate,Any,Floor,Common,
,Koffing,Any,Floor,Common,
,Weezing,Any,Floor,Uncommon,
,Grimer,Any,Floor,Common,
,Muk,Any,Floor,Uncommon,
,Growlithe,Any,Floor,Uncommon,
,Vulpix,Any,Floor,Uncommon,
,Magmar,Any,Floor,Rare,
,Ditto,Any,Floor,Rare,
Route 21,Pokémon,Time,Method,Rarity,Notes
,Tangela,Any,Grass,Common,
,Tentacool,Any,Surfing,Common,
,Magikarp,Any,Fishing: Old Rod,Common,
,Krabby,Any,Fishing: Good Rod,Common,
,Horsea,Any,Fishing: Good Rod,Common,
,Krabby,Any,Fishing: Super Rod,Common,
,Kingler,Any,Fishing: Super Rod,Uncommon,
,Horsea,Any,Fishing: Super Rod,Common,
,Seadra,Any,Fishing: Super Rod,Uncommon,
,Gyarados,Any,Fishing: Super Rod,Uncommon,
,Psyduck,Any,Fishing: Super Rod,Common,
,Slowpoke,Any,Fishing: Super Rod,Common,
,Staryu,D/E,Fishing: Super Rod,Rare,Northern half of route only
,Hoothoot,Any,Headbutt,?,
,Spinarak,Any,Headbutt,?,
,Whismur,Any,Headbutt,?,
,Bidoof,Any,Headbutt,?,
Route 23,Pokémon,Time,Method,Rarity,Notes
,Mankey,Any,Grass,Common,
,Primeape,Any,Grass,Uncommon,
,Spearow,Any,Grass,Common,
,Fearow,Any,Grass,Uncommon,
,Ekans,Any,Grass,Common,
,Arbok,Any,Grass,Uncommon,
,Sandshrew,Any,Grass,Common,
,Sandslash,Any,Grass,Uncommon,
,Psyduck,Any,Surfing,Common,
,Slowpoke,Any,Surfing,Common,
,Magikarp,Any,Fishing: Old Rod,Common,
,Magikarp,Any,Fishing: Good Rod,Common,
,Goldeen,Any,Fishing: Good Rod,Common,
,Poliwag,Any,Fishing: Good Rod,Common,
,Poliwag,Any,Fishing: Super Rod,Common,
,Poliwhirl,Any,Fishing: Super Rod,Uncommon,
,Psyduck,Any,Fishing: Super Rod,Common,
,Slowpoke,Any,Fishing: Super Rod,Common,
,Gyarados,Any,Fishing: Super Rod,Uncommon,
Victory Road 1F,Pokémon,Time,Method,Rarity,Notes
,Onix,Any,Cave,Common,
,Machop,Any,Cave,Common,
,Geodude,Any,Cave,Common,
,Zubat,Any,Cave,Common,
,Sandslash,Any,Cave,Common,
,Arbok,Any,Cave,Uncommon,
,Golbat,Any,Cave,Uncommon,
,Machoke,Any,Cave,Uncommon,
,Donphan,Any,Cave,Uncommon,
,Ursaring,Any,Cave,Uncommon,
,Primeape,Any,Cave,Uncommon,
,Geodude,Any,Rock Smash,Common,
,Absol,Any,Rock Smash,Very Rare,
,Graveler,Any,Rock Smash,Uncommon,
,Makuhita,Any,Rock Smash,Very Rare,
,,,,,,,
Victory Road 2F,Pokémon,Time,Method,Rarity,Notes
,Onix,Any,Cave,Common,
,Machop,Any,Cave,Common,
,Geodude,Any,Cave,Common,
,Zubat,Any,Cave,Common,
,Sandslash,Any,Cave,Common,
,Arbok,Any,Cave,Uncommon,
,Golbat,Any,Cave,Uncommon,
,Machoke,Any,Cave,Uncommon,
,Donphan,Any,Cave,Uncommon,
,Ursaring,Any,Cave,Uncommon,
,Primeape,Any,Cave,Uncommon,
,Geodude,Any,Rock Smash,Common,
,Absol,Any,Rock Smash,Very Rare,
,Graveler,Any,Rock Smash,Uncommon,
,Makuhita,Any,Rock Smash,Very Rare,
,Moltres,Any,Unique,One Chance,"Level 50, after Elite Four"
Victory Road 3F,Pokémon,Time,Method,Rarity,Notes
,Onix,Any,Cave,Common,
,Machop,Any,Cave,Common,
,Geodude,Any,Cave,Common,
,Zubat,Any,Cave,Common,
,Sandslash,Any,Cave,Common,
,Arbok,Any,Cave,Uncommon,
,Golbat,Any,Cave,Uncommon,
,Machoke,Any,Cave,Uncommon,
,Donphan,Any,Cave,Uncommon,
,Ursaring,Any,Cave,Uncommon,
,Geodude,Any,Rock Smash,Common,
,Absol,Any,Rock Smash,Very Rare,
,Graveler,Any,Rock Smash,Uncommon,
,Makuhita,Any,Rock Smash,Very Rare,
Victory RoadNorth Exit Area,Pokémon,Time,Method,Rarity,Notes
,Onix,Any,Cave,Common,
,Machop,Any,Cave,Common,
,Geodude,Any,Cave,Common,
,Zubat,Any,Cave,Common,
,Sandslash,Any,Cave,Common,
,Arbok,Any,Cave,Uncommon,
,Golbat,Any,Cave,Uncommon,
,Machoke,Any,Cave,Uncommon,
,Donphan,Any,Cave,Uncommon,
,Ursaring,Any,Cave,Uncommon,
,Geodude,Any,Rock Smash,Common,
,Absol,Any,Rock Smash,Very Rare,
,Graveler,Any,Rock Smash,Uncommon,
,Makuhita,Any,Rock Smash,Very Rare,
Indigo Plateau,Pokémon,Time,Method,Rarity,Notes
,Alolan Exeggutor,Any,Trade,Guarantee,"Trade for regular Exeggutor. Trade with Foreign Visitor, outside league"
""
""
Pokémon League,Pokémon,Time,Method,Rarity,Notes
,,,,,,,
,,,,,,,
Cerulean Cave 1F,Pokémon,Time,Method,Rarity,Notes
,Parasect,Any,Cave,Uncommon,
,Magneton,Any,Cave,Common,
,Golbat,Any,Cave,Common,
,Primeape,Any,Cave,Common,
,Ditto,Any,Cave,Uncommon,
,Machoke,Any,Cave,Common,
,Electrode,Any,Cave,Common,
,Wobbuffet,Any,Cave,Uncommon,
,Psyduck,Any,Surfing,Common,
,Golduck,Any,Surfing,Uncommon,
,Slowpoke,Any,Surfing,Common,
,Slowbro,Any,Surfing,Uncommon,
,Magikarp,Any,Fishing: Old Rod,Common,
,Magikarp,Any,Fishing: Good Rod,Common,
,Goldeen,Any,Fishing: Good Rod,Common,
,Poliwag,Any,Fishing: Good Rod,Common,
,Psyduck,Any,Fishing: Super Rod,Common,
,Slowpoke,Any,Fishing: Super Rod,Common,
,Slowbro,Any,Fishing: Super Rod,Uncommon,
,Poliwag,Any,Fishing: Super Rod,Common,
,Poliwhirl,Any,Fishing: Super Rod,Uncommon,
,Goldeen,Any,Fishing: Super Rod,Common,
,Gyarados,Any,Fishing: Super Rod,Uncommon,
,Absol,Any,Rock Smash,Rare,
,Makuhita**,Any,Rock Smash,Rare,
,Chingling,Any,Rock Smash,Rare,
,Geodude,Any,Rock Smash,Common,
,Graveler,Any,Rock Smash,Uncommon,
,Bronzor,Any,Rock Smash,?,
Cerulean Cave 2F,Pokémon,Time,Method,Rarity,Notes
,Parasect,Any,Cave,Uncommon,
,Magneton,Any,Cave,Common,
,Golbat,Any,Cave,Common,
,Ditto,Any,Cave,Uncommon,
,Machoke,Any,Cave,Common,
,Electrode,Any,Cave,Common,
,Wobbuffet,Any,Cave,Uncommon,
,Absol,Any,Rock Smash,Rare,
,Makuhita**,Any,Rock Smash,Rare,
,Chingling,Any,Rock Smash,Rare,
,Geodude,Any,Rock Smash,Common,
,Graveler,Any,Rock Smash,Uncommon,
,Bronzor,Any,Rock Smash,?,
Cerulean Cave B1F,Pokémon,Time,Method,Rarity,Notes
,Parasect,Any,Cave,Uncommon,
,Magneton,Any,Cave,Common,
,Golbat,Any,Cave,Common,
,Ditto,Any,Cave,Uncommon,
,Machoke,Any,Cave,Common,
,Electrode,Any,Cave,Common,
,Wobbuffet,Any,Cave,Uncommon,
,Psyduck,Any,Surfing,Common,
,Golduck,Any,Surfing,Uncommon,
,Slowpoke,Any,Surfing,Common,
,Slowbro,Any,Surfing,Uncommon,
,Magikarp,Any,Fishing: Old Rod,Common,
,Magikarp,Any,Fishing: Good Rod,Common,
,Goldeen,Any,Fishing: Good Rod,Common,
,Poliwag,Any,Fishing: Good Rod,Common,
,Psyduck,Any,Fishing: Super Rod,Common,
,Slowpoke,Any,Fishing: Super Rod,Common,
,Slowbro,Any,Fishing: Super Rod,Uncommon,
,Poliwag,Any,Fishing: Super Rod,Common,
,Poliwhirl,Any,Fishing: Super Rod,Uncommon,
,Goldeen,Any,Fishing: Super Rod,Common,
,Gyarados,Any,Fishing: Super Rod,Uncommon,
,Kingler,Any,Fishing: Super Rod,Uncommon,
,Absol,Any,Rock Smash,Rare,
,Makuhita,Any,Rock Smash,Rare,
,Chingling,Any,Rock Smash,Rare,
,Geodude,Any,Rock Smash,Common,
,Graveler,Any,Rock Smash,Uncommon,
,Bronzor,Any,Rock Smash,?,
,Mew,Any,Egg Drop,?,Drop from Mewtwo boss
,Omanyte,Any,Fossil,?,Drop from Mewtwo boss
,,,,,,,
,,,,,,,
,,,,,,,
,,,,,,,
,,,,,,,
,,,,,,,
,,,,,,,
,,,,,,,
,,,,,,,
,,,,,,,
,,,,,,,
,,,,,,,
,,,,,,,
,,,,,,,
,,,,,,,
,,,,,,,
,,,,,,,
Route 28,Pokémon,Time,Method,Rarity,Notes
,Ponyta,Any,Grass,Common,
,Tangela,Any,Grass,Common,
,Donphan,Any,Grass,Uncommon,
,Ursaring,Any,Grass,Uncommon,
,Rapidash,Any,Grass,Uncommon,
,Doduo,M/D/E,Grass,Common,
,Dodrio,M/D/E,Grass,Uncommon,
,Sneasel,N,Grass,Rare,
,Arbok,M/D/E,Grass,Common,
,Golbat,N,Grass,Common,
,Poliwag,Any,Surfing,Common,
,Poliwhirl,Any,Surfing,Common,
,Magikarp,Any,Fishing: Old Rod,Common,
,Poliwag,Any,Fishing: Old Rod,Common,
,Magikarp,Any,Fishing: Good Rod,Common,
,Poliwag,Any,Fishing: Good Rod,Common,
,Magikarp,Any,Fishing: Super Rod,Common,
,Poliwag,Any,Fishing: Super Rod,Common,
,Poliwhirl,Any,Fishing: Super Rod,Common,
,Aipom,Any,Headbutt,Rare,
,Heracross,Any,Headbutt,Very Rare,
,Whismur,Any,Headbutt,?,Night confirmed
,Linoone,Any,Headbutt,?,
,Natu,Any,Headbutt,?,
Mt. Silver – Outside/PC,Pokémon,Time,Method,Rarity,Notes
,Ponyta,Any,Grass,Common,
,Tangela,Any,Grass,Common,
,Donphan,Any,Grass,Uncommon,
,Ursaring,Any,Grass,Uncommon,
,Rapidash,Any,Grass,Uncommon,
,Doduo,M/D/E,Grass,Common,
,Dodrio,M/D/E,Grass,Uncommon,
,Sneasel,N,Grass,Rare,
,Arbok,M/D/E,Grass,Common,
,Golbat,N,Grass,Common,
,Poliwag,Any,Surfing,Common,
,Poliwhirl,Any,Surfing,Common,
,Magikarp,Any,Fishing: Old Rod,Common,
,Poliwag,Any,Fishing: Old Rod,Common,
,Magikarp,Any,Fishing: Good Rod,Common,
,Poliwag,Any,Fishing: Good Rod,Common,
,Magikarp,Any,Fishing: Super Rod,Common,
,Poliwag,Any,Fishing: Super Rod,Common,
,Poliwhirl,Any,Fishing: Super Rod,Common,
,Aipom,Any,Headbutt,Rare,
,Heracross,Any,Headbutt,Very Rare,
,Whismur,Any,Headbutt,?,Night confirmed
,Linoone,Any,Headbutt,?,
,Natu,Any,Headbutt,?,
Mt. Silver Old Entrance,Pokémon,Time,Method,Rarity,Notes
,Goldbat,Any,Cave,Common,
,Graveler,Any,Cave,Common,
,Onix,Any,Cave,Common,
,Teddiursa,Any,Cave,Common,
,Ursaring,Any,Cave,Uncommon,
,Phanpy,Any,Cave,Uncommon,
,Donphan,Any,Cave,Uncommon,
,Larvitar,Any,Cave,Very Rare,
,Golduck,N,Cave,Common,
Mt. Silver 1F,Pokémon,Time,Method,Rarity,Notes
,Goldeen,Any,Surfing,Common,
,Seaking,Any,Surfing,Common,
,Gyarados,N,Surfing,Uncommon,
,Magikarp,Any,Fishing: Old Rod,Common,
,Goldeen,Any,Fishing: Old Rod,Common,
,Magikarp,Any,Fishing: Good Rod,Common,
,Goldeen,Any,Fishing: Good Rod,Common,
,Seaking,Any,Fishing: Good Rod,Uncommon,
,Seaking,Any,Fishing: Super Rod,Common,
,Gyarados,Any,Fishing: Super Rod,Uncommon,
,Goldbat,Any,Cave,Common,
,Graveler,Any,Cave,Common,
,Onix,Any,Cave,Common,
,Teddiursa,Any,Cave,Common,
,Ursaring,Any,Cave,Uncommon,
,Phanpy,Any,Cave,Uncommon,
,Donphan,Any,Cave,Uncommon,
,Larvitar,Any,Cave,Very Rare,
,Golduck,N,Cave,Common,
,Geodude,Any,Rock Smash,?,
,Bronzor,Any,Rock Smash,Rare,
,Absol,Any,Rock Smash,?,
,Larvitar,Any,Rock Smash,?,
,Rhyhorn,Any,Rock Smash,Rare,
,Makuhita,Any,Rock Smash,?,
Mt. Silver Hidden Cave,Pokémon,Time,Method,Rarity,Notes
Entrance hidden in first Waterfall on 1F,,,,,,,
,,,,,,
Mt. Silver Expert Belt,Pokémon,Time,Method,Rarity,Notes
Entrance near right side of first Waterfall on 1F,Golbat,Any,Cave,Common,
Teddiursa,Any,Cave,Common,
,Ursaring,Any,Cave,Uncommon,
,Phanpy,Any,Cave,Common,
,Donphan,Any,Cave,Uncommon,
,Larvitar,Any,Cave,Rare,
,Golduck,Any,Cave,Common,
,Quagsire,Any,Cave,Common,
,Misdreavus,N,Cave,Uncommon,
,Parasect,Any,Cave,Common,
,Pupitar,Any,Cave,Uncommon,
Mt. Silver Chamber,Pokémon,Time,Method,Rarity,Notes
Entrance at back of 1F (past second Waterfall),Golbat,Any,Cave,Common,
Ursaring,Any,Cave,Common,
,Donphan,Any,Cave,Common,
,Larvitar,Any,Cave,Very Rare,
,Golduck,Any,Cave,Common,
,Quagsire,Any,Cave,Common,
,Misdreavus,N,Cave,Uncommon,
,Parasect,Any,Cave,Common,
,Steelix,Any,Cave,Rare,
Mt. Silver Lower Mountainside,Pokémon,Time,Method,Rarity,Notes
,Golbat,Any,Grass,Common,
,Golduck,Any,Grass,Common,
,Onix,Any,Grass,Common,
,Teddiursa,Any,Grass,Common,
,Ursaring,Any,Grass,Uncommon,
,Phanpy,Any,Grass,Uncommon,
,Donphan,Any,Grass,Uncommon,
,Larvitar,Any,Grass,Very Rare,
,Bronzor,Any,Rock Smash,?,
,Makuhita,Any,Rock Smash,?,
,Aipom,Any,Headbutt,?,
,Heracross,Any,Headbutt,?,
,Nosepass,Any,Headbutt,?,
,Bronzong,Any,Headbutt,?,
,Absol,Any,Headbutt,?,
,Chingling,Any,Headbutt,?,
,Makuhita,Any,Headbutt,?,
Mt. Silver 2F,Pokémon,Time,Method,Rarity,Notes
,Goldbat,Any,Cave,Common,
,Teddiursa,Any,Cave,Common,
,Ursaring,Any,Cave,Uncommon,
,Phanpy,Any,Cave,Uncommon,
,Donphan,Any,Cave,Uncommon,
,Larvitar,Any,Cave,Very Rare,
,Golduck,Any,Cave,Common,
,Quagsire,Any,Cave,Common,
,Misdreavus,N,Cave,Uncommon,
,Sneasel,Any,Cave,Uncommon,
,Parasect,Any,Cave,Common,
,Machoke,D/E,Cave,Common,
,Geodude,Any,Rock Smash,?,
,Bronzor,Any,Rock Smash,Rare,
,Absol,Any,Rock Smash,?,
,Larvitar,Any,Rock Smash,?,
,Rhyhorn,Any,Rock Smash,Rare,
,Makuhita,Any,Rock Smash,?,
Mt. Silver Upper Mountainside,Pokémon,Time,Method,Rarity,Notes
,Golbat,Any,Grass,Common,
,Golduck,Any,Grass,Common,
,Quagsire,Any,Grass,Common,
,Misdreavus,N,Grass,Uncommon,
,Sneasel,Any,Grass,Uncommon,
,Ursaring,Any,Grass,Common,
,Donphan,Any,Grass,Uncommon,
,Larvitar,Any,Grass,Rare,
,Pupitar,Any,Grass,Very Rare,
Mt. Silver 3F,Pokémon,Time,Method,Rarity,Notes
,Goldbat,Any,Cave,Common,
,Ursaring,Any,Cave,Uncommon,
,Donphan,Any,Cave,Uncommon,
,Larvitar,Any,Cave,Very Rare,
,Golduck,Any,Cave,Common,
,Quagsire,Any,Cave,Common,
,Misdreavus,N,Cave,Uncommon,
,Parasect,Any,Cave,Common,
,Sneasel,Any,Cave,Uncommon,
Mt. Silver Summit,Pokémon,Time,Method,Rarity,Notes
,Pikachu Original Cap,Any,Quest,25%,Drop from Ash boss
,Aerodactyl,Any,Fossil,?,Drop from Ash boss
,,,,,,,
,,,,,,,
,,,,,,,
,,,,,,,
,,,,,,,
,,,,,,,
,,,,,,,
,,,,,,,
,,,,,,,
,,,,,,,
,,,,,,,
,,,,,,,
,,,,,,,
,,,,,,,
,,,,,,,
,,,,,,,
,,,,,,,
,,,,,,,
,,,,,,,
,,,,,,,
,,,,,,,
,,,,,,,
,,,,,,,
,,,,,,,
,,,,,,,
,,,,,,,
,,,,,,,
,,,,,,,
,,,,,,,
,,,,,,,
,,,,,,,
,,,,,,,
,,,,,,,
,,,,,,,
,,,,,,,
,,,,,,,
,,,,,,,
,,,,,,,
Route 26,Pokémon,Time,Method,Rarity,Notes
,Raticate,Any,Grass,Common,
,Arbok,Any,Grass,Common,
,Sandslash,Any,Grass,Common,
,Ponyta,Any,Grass,Common,
,Doduo,Any,Grass,Common,
,Dodrio,M/D/E,Grass,Uncommon,
,Quagsire,N,Grass,Uncommon,
,Tentacool,Any,Surfing,Common,
,Tentacruel,Any,Surfing,Uncommon,
,Magikarp,Any,Fishing: Old Rod,Common,
,Tentacool,Any,Fishing: Old Rod,Common,
,Magikarp,Any,Fishing: Good Rod,Common,
,Shellder,Any,Fishing: Good Rod,Common,
,Chinchou,Any,Fishing: Good Rod,Uncommon,
,Tentacool,Any,Fishing: Good Rod,Common,
,Tentacruel,Any,Fishing: Super Rod,Uncommon,
,Chinchou,Any,Fishing: Super Rod,Common,
,Lanturn,Any,Fishing: Super Rod,Uncommon,
,Shellder,Any,Fishing: Super Rod,Common,
,Hoothoot,Any,Headbutt,Common,
,Exeggcute,Any,Headbutt,Common,
,Ledyba,Any,Headbutt,Uncommon,
,Spinarak,Any,Headbutt,Uncommon,
,Pineco,?,Headbutt,?,Confirmed Morning
,Linoone,?,Headbutt,?,Confirmed Morning
,Whismur,Any,Headbutt,?,
,Buizel,Any,Headbutt,?,
Route 27,Pokémon,Time,Method,Rarity,Notes
,Raticate,Any,Grass,Common,
,Arbok,Any,Grass,Common,
,Sandslash,Any,Grass,Common,
,Ponyta,Any,Grass,Common,
,Doduo,Any,Grass,Common,
,Dodrio,M/D/E,Grass,Uncommon,
,Quagsire,N,Grass,Uncommon,
,Tentacool,Any,Surfing,Common,
,Tentacruel,Any,Surfing,Uncommon,
,Magikarp,Any,Fishing: Old Rod,Common,
,Tentacool,Any,Fishing: Old Rod,Common,
,Magikarp,Any,Fishing: Good Rod,Common,
,Shellder,Any,Fishing: Good Rod,Common,
,Chinchou,Any,Fishing: Good Rod,Uncommon,
,Tentacool,Any,Fishing: Good Rod,Common,
,Tentacruel,Any,Fishing: Super Rod,Uncommon,
,Chinchou,Any,Fishing: Super Rod,Common,
,Lanturn,Any,Fishing: Super Rod,Uncommon,
,Shellder,Any,Fishing: Super Rod,Common,
,Hoothoot,Any,Headbutt,Common,
,Exeggcute,Any,Headbutt,Common,
,Pineco,Any,Headbutt,Common,
,Ledyba,Any,Headbutt,Uncommon,
,Whismur,Any,Headbutt,?,
,Linoone,Any,Headbutt,?,
,Luvdisc,Any,Headbutt,?,
,Bidoof,Any,Headbutt,,
Tohjo Falls,Pokémon,Time,Method,Rarity,Notes
,Rattata,Any,Cave,Common,
,Raticate,Any,Cave,Common,
,Zubat,Any,Cave,Common,
,Golbat,Any,Cave,Uncommon,
,Goldeen,Any,Surfing,Common,
,Seaking,Any,Surfing,Uncommon,
,Slowpoke,Any,Surfing,Common,
,Magikarp,Any,Fishing: Old Rod,Common,
,Goldeen,Any,Fishing: Old Rod,Common,
,Magikarp,Any,Fishing: Good Rod,Common,
,Goldeen,Any,Fishing: Good Rod,Common,
,Magikarp,Any,Fishing: Super Rod,Common,
,Goldeen,Any,Fishing: Super Rod,Common,
,Seaking,Any,Fishing: Super Rod,Uncommon,
,Absol,Any,Rock Smash,Rare,
,Chingling,Any,Rock Smash,?,
,Bronzor,Any,Rock Smash,?,
Cerulean Channel(Entrance to Cerulean Valley),Pokémon,Time,Method,Rarity,Notes
"After E4, Surf north from Route 9/10",Magikarp,Any,Fishing: Old Rod,,
Magikarp,Any,Fishing: Good Rod,,
,Horsea,Any,Fishing: Good Rod,,
,Krabby,Any,Fishing: Good Rod,,
,Slowpoke,Any,Fishing: Super Rod,,
,Krabby,Any,Fishing: Super Rod,,
,Horsea,Any,Fishing: Super Rod,,
,Gyarados,Any,Fishing: Super Rod,,
,Psyduck,Any,Fishing: Super Rod,,
,Magikarp,Any,Surfing,,
,Tentacool,Any,Surfing,,
Cerulean Valley Bay,Pokémon,Time,Method,Rarity,Notes
,Magikarp,Any,Fishing: Old Rod,,
,Magikarp,Any,Fishing: Good Rod,,
,Horsea,Any,Fishing: Good Rod,,
,Krabby,Any,Fishing: Good Rod,,
,Slowpoke,Any,Fishing: Super Rod,,
,Krabby,Any,Fishing: Super Rod,,
,Horsea,Any,Fishing: Super Rod,,
,Gyarados,Any,Fishing: Super Rod,,
,Psyduck,Any,Fishing: Super Rod,,
,Magikarp,Any,Surfing,,
,Tentacool,Any,Surfing,,
Cerulean Valley /Cerulean Valley Upper,Pokémon,Time,Method,Rarity,Notes
,Ekans,Any,Grass,,
,Arbok,N,Grass,,
,Spearow,Any,Grass,,
,Rattata,Any,Grass,,
,Zubat,N,Grass,,
,Sandshrew,Any,Grass,,
,Mankey,Any,Grass,,
,Raticate,N,Grass,,
,Kricketot,D/E,Grass,,
,Gulpin,D/E,Grass,,
Cerulean Valley Lower,Pokémon,Time,Method,Rarity,Notes
,Abra,Any,Grass,,
,Bellsprout,M/N,Grass,,
,Venonat,N,Grass,,
,Sunkern,D/E,Grass,,
,Oddish,N,Grass,,
,Caterpie,Any,Grass,,
,Metapod,Any,Grass,,
,Weedle,Any,Grass,,
,Kakuna,Any,Grass,,
,Pidgey,Any,Grass,,
,Electrike,Any,Grass,,
,Rattata,Any,Grass,,
,Glameow,Any,Grass,,
Cerulean Lighthouse Trail,Pokémon,Time,Method,Rarity,Notes
,Poliwag,Any,Grass,,
,Psyduck,Any,Grass,,
,Slowpoke,Any,Grass,,
,Espurr,Any,Grass,,
,Rattata,Any,Grass,,
,Oddish,Any,Grass,,
,Venonat,Any,Grass,,
,Sandshrew,Any,Grass,,
,Voltorb,Any,Grass,,
,Fearow,Any,Grass,,
,Spearow,Any,Grass,,
Cerulean Ruins,Pokémon,Time,Method,Rarity,Notes
,Golbat,Any,Grass,,
,Donphan,Any,Grass,,
,Zubat,Any,Grass,,
,Geodude,Any,Grass,,
,Graveler,Any,Grass,,
,Surskit,Any,Grass,,
,,,,,,,
Cerulean Hidden Chamber,Pokémon,Time,Method,Rarity,Notes
Ignite torch on the left side of the door,Golbat,Any,Grass,,
Donphan,Any,Grass,,
,Zubat,Any,Grass,,
,Geodude,Any,Grass,,
,Graveler,Any,Grass,,
,Surskit,Any,Grass,,
,Noibat,D/E,Grass,,
Cerulean Evil Tomb,Pokémon,Time,Method,Rarity,Notes
,Igglybuff,Any,Egg Drop,?,Random egg drop from Root of Evil boss
,Azurill,Any,Egg Drop,?
,Wynaut,Any,Egg Drop,?
,Bonsly,Any,Egg Drop,?
,Happiny,Any,Egg Drop,?
,Mantyke,Any,Egg Drop,?
,,,,,,,
,,,,,,,
,,,,,,,
,,,,,,,
Lavender Town Cemetary,Pokémon,Time,Method,Rarity,Notes
After E4. Follow stairs near Lavender Town mausoleum (south of Pokémon Tower),Rattata,Any,Grass,,
Pidgey,D/E,Grass,,
Noctowl,N,Grass,,
Haunter,N,Grass,,
,Gastly,D/E/N,Grass,,
,Pumpkaboo,D/E,Grass,,
,Hoothoot,D/E,Grass,,
,Zubat,N,Grass,,
Lavender Town Graveyard,Pokémon,Time,Method,Rarity,Notes
"To get here, interact with the gravestone at the upper end of Lavender Town Cemetary",Haunter,Any,Grass,,
Gastly,Any,Grass,,
Rattata,Any,Grass,,
Gengar,Any,Grass,,
,Phantump,Any,Grass,,
,Honedge,Any,Grass,,
,Grubbin,Any,Grass,,
,Pumpkaboo,D/E,Grass,,
Lavender Town CemetaryPumpkin Field,Pokémon,Time,Method,Rarity,Notes
,Rattata,Any,Grass,,
,Pidgey,D/E,Grass,,
,Noctowl,N,Grass,,
,Haunter,N,Grass,,
,Gastly,D/E/N,Grass,,
,Pumpkaboo,D/E,Grass,,
,Hoothoot,D/E,Grass,,
,Zubat,N,Grass,,
